{
  "display": {
    "icon": {
      "item": "minecraft:stone"
    },
    "title": "ds",
    "description": "sd",
    "show_toast": false,
    "announce_to_chat": false,
    "hidden": false
  },
  "criteria": {
    "requirement": {
      "trigger": "minecraft:player_interacted_with_entity",
      "conditions": {
        "entity": {
          "type": "minecraft:allay",
          "nbt": "{Tags:[\"owl\"]}",
          "equipment": {
            "mainhand": {
              "tag": "owls:all_but_air"
            }
          }
        }
      }
    }
  },
  "rewards": {
    "function": "owls:events/owl_interact"
  }
}
