{
    "schemaVersion": 1,
    "environment": "*",
    "depends": {
        "minecraft": ">=1.19.1 <1.20"
      },
    "name": "Feathery Messengers",
    "id": "owls",
    "version": "1.0.0",
    "description": "A Minecraft mod/datapack that adds friendly delivery owls.",
    "pack_format": 10,
    "icon": "pack.png",
    "authors": [
      "§5☆Lunar Eclipse Studios☆",
      "Bret06"
    ],
    "contact": {
        "homepage": "https://lunareclipse.studio",
        "sources": "https://github.com/LunarEclipseStudios/Feathery-Messengers",
        "discord": "https://discord.gg/RmMtqxJJgH",
        "issues": "https://github.com/LunarEclipseStudios/Feathery-Messengers/issues"
    }
}