{
	"credit": "Made by Bret06 using Blockbench",
	"texture_size": [48, 32],
	"textures": {
		"skin": "#skin",
		"blink": "owls:item/entity/owl/blink"
	},
	"elements": [
		{
			"name": "bone",
			"from": [4, 3.2, 6],
			"to": [5, 9.2, 11],
			"faces": {
				"north": {"uv": [13.66667, 2.5, 14, 5.5], "texture": "#skin"},
				"east": {"uv": [12, 2.5, 13.66667, 5.5], "texture": "#skin"},
				"south": {"uv": [15.66667, 2.5, 16, 5.5], "texture": "#skin"},
				"west": {"uv": [14, 2.5, 15.66667, 5.5], "texture": "#skin"},
				"up": {"uv": [14, 2.5, 13.66667, 0], "texture": "#skin"},
				"down": {"uv": [14.33333, 0, 14, 2.5], "texture": "#skin"}
			}
		},
		{
			"name": "bone",
			"from": [11, 3.2, 6],
			"to": [12, 9.2, 11],
			"faces": {
				"north": {"uv": [13.66667, 2.5, 14, 5.5], "texture": "#skin"},
				"east": {"uv": [12, 2.5, 13.66667, 5.5], "texture": "#skin"},
				"south": {"uv": [15.66667, 2.5, 16, 5.5], "texture": "#skin"},
				"west": {"uv": [14, 2.5, 15.66667, 5.5], "texture": "#skin"},
				"up": {"uv": [14, 2.5, 13.66667, 0], "texture": "#skin"},
				"down": {"uv": [14.33333, 0, 14, 2.5], "texture": "#skin"}
			}
		},
		{
			"name": "bone3",
			"from": [9, 0.2, 8],
			"to": [10, 2.2, 9],
			"faces": {
				"north": {"uv": [0.66667, 1.5, 1, 2.5], "texture": "#skin"},
				"east": {"uv": [0.33333, 1.5, 0.66667, 2.5], "texture": "#skin"},
				"south": {"uv": [1.33333, 1.5, 1.66667, 2.5], "texture": "#skin"},
				"west": {"uv": [1, 1.5, 1.33333, 2.5], "texture": "#skin"},
				"up": {"uv": [1, 1.5, 0.66667, 1], "texture": "#skin"},
				"down": {"uv": [1.33333, 1, 1, 1.5], "texture": "#skin"}
			}
		},
		{
			"name": "bone3",
			"from": [8.5, 0.2, 7],
			"to": [10.5, 0.2, 8],
			"faces": {
				"north": {"uv": [0.33333, 2.5, 1, 2.5], "texture": "#skin"},
				"east": {"uv": [0, 2.5, 0.33333, 2.5], "texture": "#skin"},
				"south": {"uv": [1.33333, 2.5, 2, 2.5], "texture": "#skin"},
				"west": {"uv": [1, 2.5, 1.33333, 2.5], "texture": "#skin"},
				"up": {"uv": [1, 2.5, 0.33333, 2], "texture": "#skin"},
				"down": {"uv": [1.66667, 2, 1, 2.5], "texture": "#skin"}
			}
		},
		{
			"name": "bone3",
			"from": [5.5, 0.2, 7],
			"to": [7.5, 0.2, 8],
			"faces": {
				"north": {"uv": [0.33333, 2.5, 1, 2.5], "texture": "#skin"},
				"east": {"uv": [0, 2.5, 0.33333, 2.5], "texture": "#skin"},
				"south": {"uv": [1.33333, 2.5, 2, 2.5], "texture": "#skin"},
				"west": {"uv": [1, 2.5, 1.33333, 2.5], "texture": "#skin"},
				"up": {"uv": [1, 2.5, 0.33333, 2], "texture": "#skin"},
				"down": {"uv": [1.66667, 2, 1, 2.5], "texture": "#skin"}
			}
		},
		{
			"name": "bone3",
			"from": [6, 0.2, 8],
			"to": [7, 2.2, 9],
			"faces": {
				"north": {"uv": [0.66667, 1.5, 1, 2.5], "texture": "#skin"},
				"east": {"uv": [0.33333, 1.5, 0.66667, 2.5], "texture": "#skin"},
				"south": {"uv": [1.33333, 1.5, 1.66667, 2.5], "texture": "#skin"},
				"west": {"uv": [1, 1.5, 1.33333, 2.5], "texture": "#skin"},
				"up": {"uv": [1, 1.5, 0.66667, 1], "texture": "#skin"},
				"down": {"uv": [1.33333, 1, 1, 1.5], "texture": "#skin"}
			}
		},
		{
			"name": "bone2",
			"from": [4.991, 9.991, 5.991],
			"to": [11.009, 15.009, 11.009],
			"faces": {
				"north": {"uv": [1.66667, 2.5, 3.66667, 5], "texture": "#blink"}
			}
		},
		{
			"name": "bone3",
			"from": [5, 10, 6],
			"to": [11, 15, 11],
			"faces": {
				"north": {"uv": [1.66667, 2.5, 3.66667, 5], "texture": "#skin"},
				"east": {"uv": [0, 2.5, 1.66667, 5], "texture": "#skin"},
				"south": {"uv": [5.33333, 2.5, 7.33333, 5], "texture": "#skin"},
				"west": {"uv": [3.66667, 2.5, 5.33333, 5], "texture": "#skin"},
				"up": {"uv": [3.66667, 2.5, 1.66667, 0], "texture": "#skin"},
				"down": {"uv": [5.66667, 0, 3.66667, 2.5], "texture": "#skin"}
			}
		},
		{
			"name": "bone2",
			"from": [4, 9.9, 5.5],
			"to": [12, 15.9, 5.5],
			"faces": {
				"north": {"uv": [9, 2.5, 11.33333, 5], "texture": "#skin"},
				"east": {"uv": [16, 13, 16, 16], "texture": "#skin"},
				"south": {"uv": [9, 2.5, 11.33333, 5], "texture": "#skin"},
				"west": {"uv": [16, 13, 16, 16], "texture": "#skin"},
				"up": {"uv": [16, 16, 13.33333, 16], "texture": "#skin"},
				"down": {"uv": [16, 16, 13.33333, 16], "texture": "#skin"}
			}
		},
		{
			"name": "bone2",
			"from": [7.5, 9.8, 5],
			"to": [8.5, 11.8, 6],
			"faces": {
				"north": {"uv": [6, 1.5, 6.33333, 2.5], "texture": "#skin"},
				"east": {"uv": [5.66667, 1.5, 6, 2.5], "texture": "#skin"},
				"south": {"uv": [6.66667, 1.5, 7, 2.5], "texture": "#skin"},
				"west": {"uv": [6.33333, 1.5, 6.66667, 2.5], "texture": "#skin"},
				"up": {"uv": [6.33333, 1.5, 6, 1], "texture": "#skin"},
				"down": {"uv": [6.66667, 1, 6.33333, 1.5], "texture": "#skin"}
			}
		},
		{
			"name": "bone",
			"from": [5, 2.2, 6],
			"to": [11, 10.2, 11],
			"rotation": {"angle": 0, "axis": "x", "origin": [8, 1, 10]},
			"faces": {
				"north": {"uv": [1.66667, 7.5, 3.66667, 11.5], "texture": "#skin"},
				"east": {"uv": [0, 7.5, 1.66667, 11.5], "texture": "#skin"},
				"south": {"uv": [5.33333, 7.5, 7.33333, 11.5], "texture": "#skin"},
				"west": {"uv": [3.66667, 7.5, 5.33333, 11.5], "texture": "#skin"},
				"up": {"uv": [3.66667, 7.5, 1.66667, 5], "texture": "#skin"},
				"down": {"uv": [5.66667, 5, 3.66667, 7.5], "texture": "#skin"}
			}
		},
		{
			"name": "bone3",
			"from": [4.5, 10.7, 5.5],
			"to": [11.5, 10.7, 11.5],
			"rotation": {"angle": 0, "axis": "x", "origin": [8, 1, 10]},
			"faces": {
				"north": {"uv": [2, 3, 4.33333, 3], "texture": "#skin"},
				"east": {"uv": [0, 3, 2, 3], "texture": "#skin"},
				"south": {"uv": [6.33333, 3, 8.66667, 3], "texture": "#skin"},
				"west": {"uv": [4.33333, 3, 6.33333, 3], "texture": "#skin"},
				"up": {"uv": [11, 7.5, 9, 5], "texture": "#skin"},
				"down": {"uv": [11, 5, 9, 7.5], "texture": "#skin"}
			}
		},
		{
			"name": "bone4",
			"from": [4.5, 1.7, 11.5],
			"to": [11.5, 10.7, 11.5],
			"rotation": {"angle": 0, "axis": "x", "origin": [8, 1, 10]},
			"faces": {
				"north": {"uv": [12.66667, 7.5, 14.66667, 11.5], "texture": "#skin"},
				"east": {"uv": [16, 11.5, 16, 16], "texture": "#skin"},
				"south": {"uv": [12.66667, 7.5, 14.66667, 11.5], "texture": "#skin"},
				"west": {"uv": [16, 11.5, 16, 16], "texture": "#skin"},
				"up": {"uv": [16, 16, 13.66667, 16], "texture": "#skin"},
				"down": {"uv": [16, 16, 13.66667, 16], "texture": "#skin"}
			}
		},
		{
			"name": "bone4",
			"from": [11.5, 1.7, 5.5],
			"to": [11.5, 10.7, 11.5],
			"rotation": {"angle": 0, "axis": "x", "origin": [8, 1, 10]},
			"faces": {
				"north": {"uv": [16, 11.5, 16, 16], "texture": "#skin"},
				"east": {"uv": [7.33333, 7.5, 9, 11.5], "texture": "#skin"},
				"south": {"uv": [16, 11.5, 16, 16], "texture": "#skin"},
				"west": {"uv": [7.33333, 7.5, 9, 11.5], "texture": "#skin"},
				"up": {"uv": [16, 16, 16, 13], "texture": "#skin"},
				"down": {"uv": [16, 13, 16, 16], "texture": "#skin"}
			}
		},
		{
			"name": "bone4",
			"from": [4.5, 1.7, 5.5],
			"to": [4.5, 10.7, 11.5],
			"rotation": {"angle": 0, "axis": "x", "origin": [8, 1, 10]},
			"faces": {
				"north": {"uv": [16, 11.5, 16, 16], "texture": "#skin"},
				"east": {"uv": [11, 7.5, 12.66667, 11.5], "texture": "#skin"},
				"south": {"uv": [16, 11.5, 16, 16], "texture": "#skin"},
				"west": {"uv": [11, 7.5, 12.66667, 11.5], "texture": "#skin"},
				"up": {"uv": [16, 16, 16, 13], "texture": "#skin"},
				"down": {"uv": [16, 13, 16, 16], "texture": "#skin"}
			}
		},
		{
			"name": "bone4",
			"from": [4.5, 1.7, 5.5],
			"to": [11.5, 10.7, 5.5],
			"rotation": {"angle": 0, "axis": "x", "origin": [8, 1, 10]},
			"faces": {
				"north": {"uv": [9, 7.5, 11, 11.5], "texture": "#skin"},
				"east": {"uv": [16, 11.5, 16, 16], "texture": "#skin"},
				"south": {"uv": [9, 7.5, 11, 11.5], "texture": "#skin"},
				"west": {"uv": [16, 11.5, 16, 16], "texture": "#skin"},
				"up": {"uv": [16, 16, 13.66667, 16], "texture": "#skin"},
				"down": {"uv": [16, 16, 13.66667, 16], "texture": "#skin"}
			}
		}
	],
	"gui_light": "front",
	"display": {
		"gui": {
			"rotation": [-159.75, 26.25, -180],
			"translation": [0, -0.25, 0]
		},
		"head": {
			"translation": [0, -36.5, -0.5],
			"scale": [2, 2, 2]
		},
		"fixed": {
			"rotation": [-90, 0, 0],
			"translation": [0, 0, -15.75],
			"scale": [2, 2, 2]
		}
	},
	"groups": [
		{
			"name": "bone4",
			"origin": [0, 0, 0],
			"color": 0,
			"nbt": "{}",
			"armAnimationEnabled": false,
			"children": [
				{
					"name": "bone",
					"origin": [0, 1.2, 0],
					"rotation": [-10, 0, 0],
					"color": 0,
					"nbt": "{}",
					"armAnimationEnabled": false,
					"children": [
						0,
						1,
						{
							"name": "bone3",
							"origin": [0, 2.2, -1],
							"rotation": [10, 0, 0],
							"color": 0,
							"nbt": "{}",
							"armAnimationEnabled": false,
							"children": [2, 3, 4, 5]
						}
					]
				},
				{
					"name": "bone2",
					"origin": [0, 9, 1],
					"color": 0,
					"nbt": "{}",
					"armAnimationEnabled": false,
					"children": [6, 7, 8, 9]
				}
			]
		},
		{
			"name": "group",
			"origin": [0, 0, 0],
			"color": 0,
			"nbt": "{}",
			"armAnimationEnabled": false,
			"children": [10, 11, 12, 13, 14, 15]
		}
	]
}