{
	"credit": "Made by Bret06 using Blockbench",
	"texture_size": [32, 32],
	"textures": {
		"skin": "#skin",
		"flap": "#flap",
		"blink": "owls:item/entity/owl/blink"
	},
	"elements": [
		{
			"name": "bone",
			"from": [10.8, 9, 6],
			"to": [16.8, 10, 11],
			"rotation": {"angle": 22.5, "axis": "z", "origin": [11, 9, 9]},
			"faces": {
				"north": {"uv": [2.5, 2.5, 3, 5.5], "rotation": 90, "texture": "#flap"},
				"east": {"uv": [3, 2.5, 2.5, 0], "rotation": 90, "texture": "#flap"},
				"south": {"uv": [5.5, 5.5, 6, 2.5], "rotation": 90, "texture": "#flap"},
				"west": {"uv": [3, 0, 3.5, 2.5], "rotation": 90, "texture": "#flap"},
				"up": {"uv": [2.5, 5.5, 0, 2.5], "rotation": 90, "texture": "#flap"},
				"down": {"uv": [5.5, 2.5, 3, 5.5], "rotation": 90, "texture": "#flap"}
			}
		},
		{
			"name": "bone",
			"from": [10.8, 9, 6],
			"to": [16.8, 10, 11],
			"rotation": {"angle": 0, "axis": "z", "origin": [11, 9, 9]},
			"faces": {
				"north": {"uv": [8.5, 2.5, 9, 5.5], "rotation": 90, "texture": "#flap"},
				"east": {"uv": [9, 2.5, 8.5, 0], "rotation": 90, "texture": "#flap"},
				"south": {"uv": [11.5, 5.5, 12, 2.5], "rotation": 90, "texture": "#flap"},
				"west": {"uv": [9, 0, 9.5, 2.5], "rotation": 90, "texture": "#flap"},
				"up": {"uv": [8.5, 5.5, 6, 2.5], "rotation": 90, "texture": "#flap"},
				"down": {"uv": [11.5, 2.5, 9, 5.5], "rotation": 90, "texture": "#flap"}
			}
		},
		{
			"name": "bone",
			"from": [10.8, 9, 6],
			"to": [16.8, 10, 11],
			"rotation": {"angle": -22.5, "axis": "z", "origin": [11, 9, 9]},
			"faces": {
				"north": {"uv": [2.5, 8, 3, 11], "rotation": 90, "texture": "#flap"},
				"east": {"uv": [3, 8, 2.5, 5.5], "rotation": 90, "texture": "#flap"},
				"south": {"uv": [5.5, 11, 6, 8], "rotation": 90, "texture": "#flap"},
				"west": {"uv": [3, 5.5, 3.5, 8], "rotation": 90, "texture": "#flap"},
				"up": {"uv": [2.5, 11, 0, 8], "rotation": 90, "texture": "#flap"},
				"down": {"uv": [5.5, 8, 3, 11], "rotation": 90, "texture": "#flap"}
			}
		},
		{
			"name": "bone",
			"from": [10.8, 9, 6],
			"to": [16.8, 10, 11],
			"rotation": {"angle": -45, "axis": "z", "origin": [11, 9, 9]},
			"faces": {
				"north": {"uv": [8.5, 8, 9, 11], "rotation": 90, "texture": "#flap"},
				"east": {"uv": [9, 8, 8.5, 5.5], "rotation": 90, "texture": "#flap"},
				"south": {"uv": [11.5, 11, 12, 8], "rotation": 90, "texture": "#flap"},
				"west": {"uv": [9, 5.5, 9.5, 8], "rotation": 90, "texture": "#flap"},
				"up": {"uv": [8.5, 11, 6, 8], "rotation": 90, "texture": "#flap"},
				"down": {"uv": [11.5, 8, 9, 11], "rotation": 90, "texture": "#flap"}
			}
		},
		{
			"name": "bone",
			"from": [-0.8, 9, 6],
			"to": [5.2, 10, 11],
			"rotation": {"angle": -22.5, "axis": "z", "origin": [5, 9, 9]},
			"faces": {
				"north": {"uv": [2.5, 5.5, 3, 2.5], "rotation": 90, "texture": "#flap"},
				"east": {"uv": [3, 2.5, 3.5, 0], "rotation": 90, "texture": "#flap"},
				"south": {"uv": [5.5, 2.5, 6, 5.5], "rotation": 90, "texture": "#flap"},
				"west": {"uv": [3, 0, 2.5, 2.5], "rotation": 90, "texture": "#flap"},
				"up": {"uv": [2.5, 2.5, 0, 5.5], "rotation": 90, "texture": "#flap"},
				"down": {"uv": [5.5, 5.5, 3, 2.5], "rotation": 90, "texture": "#flap"}
			}
		},
		{
			"name": "bone",
			"from": [-0.8, 9, 6],
			"to": [5.2, 10, 11],
			"rotation": {"angle": 0, "axis": "z", "origin": [5, 9, 9]},
			"faces": {
				"north": {"uv": [8.5, 5.5, 9, 2.5], "rotation": 90, "texture": "#flap"},
				"east": {"uv": [9, 2.5, 9.5, 0], "rotation": 90, "texture": "#flap"},
				"south": {"uv": [11.5, 2.5, 12, 5.5], "rotation": 90, "texture": "#flap"},
				"west": {"uv": [9, 0, 8.5, 2.5], "rotation": 90, "texture": "#flap"},
				"up": {"uv": [8.5, 2.5, 6, 5.5], "rotation": 90, "texture": "#flap"},
				"down": {"uv": [11.5, 5.5, 9, 2.5], "rotation": 90, "texture": "#flap"}
			}
		},
		{
			"name": "bone",
			"from": [-0.8, 9, 6],
			"to": [5.2, 10, 11],
			"rotation": {"angle": 22.5, "axis": "z", "origin": [5, 9, 9]},
			"faces": {
				"north": {"uv": [2.5, 11, 3, 8], "rotation": 90, "texture": "#flap"},
				"east": {"uv": [3, 8, 3.5, 5.5], "rotation": 90, "texture": "#flap"},
				"south": {"uv": [5.5, 8, 6, 11], "rotation": 90, "texture": "#flap"},
				"west": {"uv": [3, 5.5, 2.5, 8], "rotation": 90, "texture": "#flap"},
				"up": {"uv": [2.5, 8, 0, 11], "rotation": 90, "texture": "#flap"},
				"down": {"uv": [5.5, 11, 3, 8], "rotation": 90, "texture": "#flap"}
			}
		},
		{
			"name": "bone",
			"from": [-0.8, 9, 6],
			"to": [5.2, 10, 11],
			"rotation": {"angle": 45, "axis": "z", "origin": [5, 9, 9]},
			"faces": {
				"north": {"uv": [8.5, 11, 9, 8], "rotation": 90, "texture": "#flap"},
				"east": {"uv": [9, 8, 9.5, 5.5], "rotation": 90, "texture": "#flap"},
				"south": {"uv": [11.5, 8, 12, 11], "rotation": 90, "texture": "#flap"},
				"west": {"uv": [9, 5.5, 8.5, 8], "rotation": 90, "texture": "#flap"},
				"up": {"uv": [8.5, 8, 6, 11], "rotation": 90, "texture": "#flap"},
				"down": {"uv": [11.5, 11, 9, 8], "rotation": 90, "texture": "#flap"}
			}
		},
		{
			"name": "bone3",
			"from": [9, -1.7, 12.3],
			"to": [10, 0.3, 13.3],
			"rotation": {"angle": -45, "axis": "x", "origin": [8, 0.7, 8]},
			"faces": {
				"north": {"uv": [0.66667, 1.5, 1, 2.5], "texture": "#skin"},
				"east": {"uv": [0.33333, 1.5, 0.66667, 2.5], "texture": "#skin"},
				"south": {"uv": [1.33333, 1.5, 1.66667, 2.5], "texture": "#skin"},
				"west": {"uv": [1, 1.5, 1.33333, 2.5], "texture": "#skin"},
				"up": {"uv": [1, 1.5, 0.66667, 1], "texture": "#skin"},
				"down": {"uv": [1.33333, 1, 1, 1.5], "texture": "#skin"}
			}
		},
		{
			"name": "bone3",
			"from": [8.5, -1.7, 11.3],
			"to": [10.5, -1.7, 12.3],
			"rotation": {"angle": -45, "axis": "x", "origin": [8, 0.7, 8]},
			"faces": {
				"north": {"uv": [0.33333, 2.5, 1, 2.5], "texture": "#skin"},
				"east": {"uv": [0, 2.5, 0.33333, 2.5], "texture": "#skin"},
				"south": {"uv": [1.33333, 2.5, 2, 2.5], "texture": "#skin"},
				"west": {"uv": [1, 2.5, 1.33333, 2.5], "texture": "#skin"},
				"up": {"uv": [1, 2.5, 0.33333, 2], "texture": "#skin"},
				"down": {"uv": [1.66667, 2, 1, 2.5], "texture": "#skin"}
			}
		},
		{
			"name": "bone3",
			"from": [5.5, -1.7, 11.3],
			"to": [7.5, -1.7, 12.3],
			"rotation": {"angle": -45, "axis": "x", "origin": [8, 0.7, 8]},
			"faces": {
				"north": {"uv": [0.33333, 2.5, 1, 2.5], "texture": "#skin"},
				"east": {"uv": [0, 2.5, 0.33333, 2.5], "texture": "#skin"},
				"south": {"uv": [1.33333, 2.5, 2, 2.5], "texture": "#skin"},
				"west": {"uv": [1, 2.5, 1.33333, 2.5], "texture": "#skin"},
				"up": {"uv": [1, 2.5, 0.33333, 2], "texture": "#skin"},
				"down": {"uv": [1.66667, 2, 1, 2.5], "texture": "#skin"}
			}
		},
		{
			"name": "bone3",
			"from": [6, -1.7, 12.3],
			"to": [7, 0.3, 13.3],
			"rotation": {"angle": -45, "axis": "x", "origin": [8, 0.7, 8]},
			"faces": {
				"north": {"uv": [0.66667, 1.5, 1, 2.5], "texture": "#skin"},
				"east": {"uv": [0.33333, 1.5, 0.66667, 2.5], "texture": "#skin"},
				"south": {"uv": [1.33333, 1.5, 1.66667, 2.5], "texture": "#skin"},
				"west": {"uv": [1, 1.5, 1.33333, 2.5], "texture": "#skin"},
				"up": {"uv": [1, 1.5, 0.66667, 1], "texture": "#skin"},
				"down": {"uv": [1.33333, 1, 1, 1.5], "texture": "#skin"}
			}
		},
		{
			"name": "bone3",
			"from": [5, 10, 6],
			"to": [11, 15, 11],
			"faces": {
				"north": {"uv": [1.66667, 2.5, 3.66667, 5], "texture": "#skin"},
				"east": {"uv": [0, 2.5, 1.66667, 5], "texture": "#skin"},
				"south": {"uv": [5.33333, 2.5, 7.33333, 5], "texture": "#skin"},
				"west": {"uv": [3.66667, 2.5, 5.33333, 5], "texture": "#skin"},
				"up": {"uv": [3.66667, 2.5, 1.66667, 0], "texture": "#skin"},
				"down": {"uv": [5.66667, 0, 3.66667, 2.5], "texture": "#skin"}
			}
		},
		{
			"name": "bone4",
			"from": [4.991, 9.991, 5.991],
			"to": [11.009, 15.009, 11.009],
			"faces": {
				"north": {"uv": [1.66667, 2.5, 3.66667, 5], "texture": "#blink"}
			}
		},
		{
			"name": "bone2",
			"from": [4, 9.9, 5.5],
			"to": [12, 15.9, 5.5],
			"faces": {
				"north": {"uv": [9, 2.5, 11.33333, 5], "texture": "#skin"},
				"east": {"uv": [16, 13, 16, 16], "texture": "#skin"},
				"south": {"uv": [9, 2.5, 11.33333, 5], "texture": "#skin"},
				"west": {"uv": [16, 13, 16, 16], "texture": "#skin"},
				"up": {"uv": [16, 16, 13.33333, 16], "texture": "#skin"},
				"down": {"uv": [16, 16, 13.33333, 16], "texture": "#skin"}
			}
		},
		{
			"name": "bone2",
			"from": [7.5, 9.8, 5],
			"to": [8.5, 11.8, 6],
			"faces": {
				"north": {"uv": [6, 1.5, 6.33333, 2.5], "texture": "#skin"},
				"east": {"uv": [5.66667, 1.5, 6, 2.5], "texture": "#skin"},
				"south": {"uv": [6.66667, 1.5, 7, 2.5], "texture": "#skin"},
				"west": {"uv": [6.33333, 1.5, 6.66667, 2.5], "texture": "#skin"},
				"up": {"uv": [6.33333, 1.5, 6, 1], "texture": "#skin"},
				"down": {"uv": [6.66667, 1, 6.33333, 1.5], "texture": "#skin"}
			}
		},
		{
			"name": "bone",
			"from": [5, 2.7, 6.9],
			"to": [11, 10.7, 11.9],
			"rotation": {"angle": -22.5, "axis": "x", "origin": [8, 8.45, 8.5]},
			"faces": {
				"north": {"uv": [1.66667, 7.5, 3.66667, 11.5], "texture": "#skin"},
				"east": {"uv": [0, 7.5, 1.66667, 11.5], "texture": "#skin"},
				"south": {"uv": [5.33333, 7.5, 7.33333, 11.5], "texture": "#skin"},
				"west": {"uv": [3.66667, 7.5, 5.33333, 11.5], "texture": "#skin"},
				"up": {"uv": [3.66667, 7.5, 1.66667, 5], "texture": "#skin"},
				"down": {"uv": [5.66667, 5, 3.66667, 7.5], "texture": "#skin"}
			}
		},
		{
			"name": "bone3",
			"from": [4.5, 11.2, 6.4],
			"to": [11.5, 11.2, 12.4],
			"rotation": {"angle": -22.5, "axis": "x", "origin": [8, 8.45, 8.5]},
			"faces": {
				"north": {"uv": [2, 3, 4.33333, 3], "texture": "#skin"},
				"east": {"uv": [0, 3, 2, 3], "texture": "#skin"},
				"south": {"uv": [6.33333, 3, 8.66667, 3], "texture": "#skin"},
				"west": {"uv": [4.33333, 3, 6.33333, 3], "texture": "#skin"},
				"up": {"uv": [11, 7.5, 9, 5], "texture": "#skin"},
				"down": {"uv": [11, 5, 9, 7.5], "texture": "#skin"}
			}
		},
		{
			"name": "bone4",
			"from": [4.5, 2.2, 12.4],
			"to": [11.5, 11.2, 12.4],
			"rotation": {"angle": -22.5, "axis": "x", "origin": [8, 8.45, 8.5]},
			"faces": {
				"north": {"uv": [12.66667, 7.5, 14.66667, 11.5], "texture": "#skin"},
				"east": {"uv": [16, 11.5, 16, 16], "texture": "#skin"},
				"south": {"uv": [12.66667, 7.5, 14.66667, 11.5], "texture": "#skin"},
				"west": {"uv": [16, 11.5, 16, 16], "texture": "#skin"},
				"up": {"uv": [16, 16, 13.66667, 16], "texture": "#skin"},
				"down": {"uv": [16, 16, 13.66667, 16], "texture": "#skin"}
			}
		},
		{
			"name": "bone4",
			"from": [11.5, 2.2, 6.4],
			"to": [11.5, 11.2, 12.4],
			"rotation": {"angle": -22.5, "axis": "x", "origin": [8, 8.45, 8.5]},
			"faces": {
				"north": {"uv": [16, 11.5, 16, 16], "texture": "#skin"},
				"east": {"uv": [7.33333, 7.5, 9, 11.5], "texture": "#skin"},
				"south": {"uv": [16, 11.5, 16, 16], "texture": "#skin"},
				"west": {"uv": [7.33333, 7.5, 9, 11.5], "texture": "#skin"},
				"up": {"uv": [16, 16, 16, 13], "texture": "#skin"},
				"down": {"uv": [16, 13, 16, 16], "texture": "#skin"}
			}
		},
		{
			"name": "bone4",
			"from": [4.5, 2.2, 6.4],
			"to": [4.5, 11.2, 12.4],
			"rotation": {"angle": -22.5, "axis": "x", "origin": [8, 8.45, 8.5]},
			"faces": {
				"north": {"uv": [16, 11.5, 16, 16], "texture": "#skin"},
				"east": {"uv": [11, 7.5, 12.66667, 11.5], "texture": "#skin"},
				"south": {"uv": [16, 11.5, 16, 16], "texture": "#skin"},
				"west": {"uv": [11, 7.5, 12.66667, 11.5], "texture": "#skin"},
				"up": {"uv": [16, 16, 16, 13], "texture": "#skin"},
				"down": {"uv": [16, 13, 16, 16], "texture": "#skin"}
			}
		},
		{
			"name": "bone4",
			"from": [4.5, 2.2, 6.4],
			"to": [11.5, 11.2, 6.4],
			"rotation": {"angle": -22.5, "axis": "x", "origin": [8, 8.45, 8.5]},
			"faces": {
				"north": {"uv": [9, 7.5, 11, 11.5], "texture": "#skin"},
				"east": {"uv": [16, 11.5, 16, 16], "texture": "#skin"},
				"south": {"uv": [9, 7.5, 11, 11.5], "texture": "#skin"},
				"west": {"uv": [16, 11.5, 16, 16], "texture": "#skin"},
				"up": {"uv": [16, 16, 13.66667, 16], "texture": "#skin"},
				"down": {"uv": [16, 16, 13.66667, 16], "texture": "#skin"}
			}
		}
	],
	"gui_light": "front",
	"display": {
		"gui": {
			"rotation": [-159.75, 26.25, -180],
			"translation": [0, -0.25, 0]
		},
		"head": {
			"translation": [0, -37.25, -0.5],
			"scale": [2, 2, 2]
		},
		"fixed": {
			"rotation": [-90, 0, 0],
			"translation": [0, 0, -15.75],
			"scale": [2, 2, 2]
		}
	},
	"groups": [
		{
			"name": "bone4",
			"origin": [0, 0, 0],
			"color": 0,
			"nbt": "{}",
			"armAnimationEnabled": false,
			"children": [
				{
					"name": "bone",
					"origin": [0, 1.2, 0],
					"rotation": [-10, 0, 0],
					"color": 0,
					"nbt": "{}",
					"armAnimationEnabled": false,
					"children": [0, 1, 2, 3]
				},
				{
					"name": "bone",
					"origin": [0, 1.2, 0],
					"rotation": [-10, 0, 0],
					"color": 0,
					"nbt": "{}",
					"armAnimationEnabled": false,
					"children": [4, 5, 6, 7]
				},
				{
					"name": "bone",
					"origin": [0, 1.2, 0],
					"rotation": [-10, 0, 0],
					"color": 0,
					"nbt": "{}",
					"armAnimationEnabled": false,
					"children": []
				},
				{
					"name": "bone",
					"origin": [0, 1.2, 0],
					"rotation": [-10, 0, 0],
					"color": 0,
					"nbt": "{}",
					"armAnimationEnabled": false,
					"children": []
				}
			]
		},
		{
			"name": "group",
			"origin": [8, 8, 8],
			"color": 0,
			"nbt": "{}",
			"armAnimationEnabled": false,
			"children": [
				{
					"name": "bone4",
					"origin": [0, 0, 0],
					"color": 0,
					"nbt": "{}",
					"armAnimationEnabled": false,
					"children": [
						{
							"name": "bone",
							"origin": [0, 1.2, 0],
							"rotation": [-10, 0, 0],
							"color": 0,
							"nbt": "{}",
							"armAnimationEnabled": false,
							"children": [
								{
									"name": "bone3",
									"origin": [0, 2.2, -1],
									"rotation": [10, 0, 0],
									"color": 0,
									"nbt": "{}",
									"armAnimationEnabled": false,
									"children": []
								}
							]
						},
						{
							"name": "bone2",
							"origin": [0, 9, 1],
							"color": 0,
							"nbt": "{}",
							"armAnimationEnabled": false,
							"children": []
						}
					]
				},
				{
					"name": "group",
					"origin": [0, 0, 0],
					"color": 0,
					"nbt": "{}",
					"armAnimationEnabled": false,
					"children": []
				}
			]
		},
		{
			"name": "group",
			"origin": [8, 8, 8],
			"color": 0,
			"nbt": "{}",
			"armAnimationEnabled": false,
			"children": [
				{
					"name": "bone4",
					"origin": [0, 0, 0],
					"color": 0,
					"nbt": "{}",
					"armAnimationEnabled": false,
					"children": [
						{
							"name": "bone",
							"origin": [0, 1.2, 0],
							"rotation": [-10, 0, 0],
							"color": 0,
							"nbt": "{}",
							"armAnimationEnabled": false,
							"children": [
								{
									"name": "bone3",
									"origin": [0, 2.2, -1],
									"rotation": [10, 0, 0],
									"color": 0,
									"nbt": "{}",
									"armAnimationEnabled": false,
									"children": [8, 9, 10, 11]
								}
							]
						},
						{
							"name": "bone2",
							"origin": [0, 9, 1],
							"color": 0,
							"nbt": "{}",
							"armAnimationEnabled": false,
							"children": [12, 13, 14, 15]
						}
					]
				},
				{
					"name": "group",
					"origin": [0, 0, 0],
					"color": 0,
					"nbt": "{}",
					"armAnimationEnabled": false,
					"children": [16, 17, 18, 19, 20, 21]
				}
			]
		}
	]
}