{
    "parent": "item/generated",
    "textures": {
        "layer0": "item/feather"
    },
    "overrides": [
        {
            "predicate": {
                "custom_model_data": 1
            },
            "model": "owls:item/owl_feather"
        }
    ],
    "display": {
        "head": {
            "rotation": [
                0,
                0,
                45
            ],
            "translation": [
                -1,
                13,
                7
            ],
            "scale": [
                1,
                1,
                1
            ]
        }
    }
}