{
  "parent": "minecraft:item/generated",
  "textures": {
    "layer0": "minecraft:block/sunflower_front"
  },
  "overrides": [
    {
      "predicate": {
        "custom_model_data": 1
      },
      "model": "owls:item/entity/owl/default/owl"
    },
    {
      "predicate": {
        "custom_model_data": 2
      },
      "model": "owls:item/entity/owl/default/owl_flying"
    },

    {
      "predicate": {
        "custom_model_data": 3
      },
      "model": "owls:item/entity/owl/snowy/owl"
    },
    {
      "predicate": {
        "custom_model_data": 4
      },
      "model": "owls:item/entity/owl/snowy/owl_flying"
    }
  ]
}