{
	"credit": "Made by Bret06 using Blockbench",
	"texture_size": [64, 64],
	"textures": {
		"0": "owls:item/entity/owl/owl",
		"1": "owls:item/entity/owl/flap",
		"particle": "owls:item/entity/owl/owl"
	},
	"elements": [
		{
			"name": "bone",
			"from": [10.8, 9, 6],
			"to": [16.8, 10, 11],
			"rotation": {"angle": 22.5, "axis": "z", "origin": [11, 9, 9]},
			"faces": {
				"north": {"uv": [2.5, 2.5, 3, 5.5], "rotation": 90, "texture": "#1"},
				"east": {"uv": [3.5, 0, 3, 2.5], "rotation": 270, "texture": "#1"},
				"south": {"uv": [5.5, 2.5, 6, 5.5], "rotation": 270, "texture": "#1"},
				"west": {"uv": [3, 2.5, 2.5, 0], "rotation": 270, "texture": "#1"},
				"up": {"uv": [0, 2.5, 2.5, 5.5], "rotation": 270, "texture": "#1"},
				"down": {"uv": [3, 2.5, 5.5, 5.5], "rotation": 270, "texture": "#1"}
			}
		},
		{
			"name": "bone",
			"from": [-0.8, 9, 6],
			"to": [5.2, 10, 11],
			"rotation": {"angle": -22.5, "axis": "z", "origin": [5, 9, 9]},
			"faces": {
				"north": {"uv": [2.5, 5.5, 3, 2.5], "rotation": 90, "texture": "#1"},
				"east": {"uv": [3, 0, 2.5, 2.5], "rotation": 270, "texture": "#1"},
				"south": {"uv": [5.5, 5.5, 6, 2.5], "rotation": 270, "texture": "#1"},
				"west": {"uv": [3.5, 2.5, 3, 0], "rotation": 270, "texture": "#1"},
				"up": {"uv": [0, 5.5, 2.5, 2.5], "rotation": 270, "texture": "#1"},
				"down": {"uv": [3, 5.5, 5.5, 2.5], "rotation": 270, "texture": "#1"}
			}
		},
		{
			"name": "bone",
			"from": [10.8, 9, 6],
			"to": [16.8, 10, 11],
			"rotation": {"angle": 0, "axis": "z", "origin": [11, 9, 9]},
			"faces": {
				"north": {"uv": [8.5, 2.5, 9, 5.5], "rotation": 90, "texture": "#1"},
				"east": {"uv": [9.5, 0, 9, 2.5], "rotation": 270, "texture": "#1"},
				"south": {"uv": [11.5, 2.5, 12, 5.5], "rotation": 270, "texture": "#1"},
				"west": {"uv": [9, 2.5, 8.5, 0], "rotation": 270, "texture": "#1"},
				"up": {"uv": [6, 2.5, 8.5, 5.5], "rotation": 270, "texture": "#1"},
				"down": {"uv": [9, 2.5, 11.5, 5.5], "rotation": 270, "texture": "#1"}
			}
		},
		{
			"name": "bone",
			"from": [-0.8, 9, 6],
			"to": [5.2, 10, 11],
			"rotation": {"angle": 0, "axis": "z", "origin": [5, 9, 9]},
			"faces": {
				"north": {"uv": [8.5, 5.5, 9, 2.5], "rotation": 90, "texture": "#1"},
				"east": {"uv": [9, 0, 8.5, 2.5], "rotation": 270, "texture": "#1"},
				"south": {"uv": [11.5, 5.5, 12, 2.5], "rotation": 270, "texture": "#1"},
				"west": {"uv": [9.5, 2.5, 9, 0], "rotation": 270, "texture": "#1"},
				"up": {"uv": [6, 5.5, 8.5, 2.5], "rotation": 270, "texture": "#1"},
				"down": {"uv": [9, 5.5, 11.5, 2.5], "rotation": 270, "texture": "#1"}
			}
		},
		{
			"name": "bone",
			"from": [10.8, 9, 6],
			"to": [16.8, 10, 11],
			"rotation": {"angle": -22.5, "axis": "z", "origin": [11, 9, 9]},
			"faces": {
				"north": {"uv": [2.5, 8, 3, 11], "rotation": 90, "texture": "#1"},
				"east": {"uv": [3.5, 5.5, 3, 8], "rotation": 270, "texture": "#1"},
				"south": {"uv": [5.5, 8, 6, 11], "rotation": 270, "texture": "#1"},
				"west": {"uv": [3, 8, 2.5, 5.5], "rotation": 270, "texture": "#1"},
				"up": {"uv": [0, 8, 2.5, 11], "rotation": 270, "texture": "#1"},
				"down": {"uv": [3, 8, 5.5, 11], "rotation": 270, "texture": "#1"}
			}
		},
		{
			"name": "bone",
			"from": [-0.8, 9, 6],
			"to": [5.2, 10, 11],
			"rotation": {"angle": 22.5, "axis": "z", "origin": [5, 9, 9]},
			"faces": {
				"north": {"uv": [2.5, 11, 3, 8], "rotation": 90, "texture": "#1"},
				"east": {"uv": [3, 5.5, 2.5, 8], "rotation": 270, "texture": "#1"},
				"south": {"uv": [5.5, 11, 6, 8], "rotation": 270, "texture": "#1"},
				"west": {"uv": [3.5, 8, 3, 5.5], "rotation": 270, "texture": "#1"},
				"up": {"uv": [0, 11, 2.5, 8], "rotation": 270, "texture": "#1"},
				"down": {"uv": [3, 11, 5.5, 8], "rotation": 270, "texture": "#1"}
			}
		},
		{
			"name": "bone",
			"from": [10.8, 9, 6],
			"to": [16.8, 10, 11],
			"rotation": {"angle": -45, "axis": "z", "origin": [11, 9, 9]},
			"faces": {
				"north": {"uv": [8.5, 8, 9, 11], "rotation": 90, "texture": "#1"},
				"east": {"uv": [9.5, 5.5, 9, 8], "rotation": 270, "texture": "#1"},
				"south": {"uv": [11.5, 8, 12, 11], "rotation": 270, "texture": "#1"},
				"west": {"uv": [9, 8, 8.5, 5.5], "rotation": 270, "texture": "#1"},
				"up": {"uv": [6, 8, 8.5, 11], "rotation": 270, "texture": "#1"},
				"down": {"uv": [9, 8, 11.5, 11], "rotation": 270, "texture": "#1"}
			}
		},
		{
			"name": "bone",
			"from": [-0.8, 9, 6],
			"to": [5.2, 10, 11],
			"rotation": {"angle": 45, "axis": "z", "origin": [5, 9, 9]},
			"faces": {
				"north": {"uv": [8.5, 11, 9, 8], "rotation": 90, "texture": "#1"},
				"east": {"uv": [9, 5.5, 8.5, 8], "rotation": 270, "texture": "#1"},
				"south": {"uv": [11.5, 11, 12, 8], "rotation": 270, "texture": "#1"},
				"west": {"uv": [9.5, 8, 9, 5.5], "rotation": 270, "texture": "#1"},
				"up": {"uv": [6, 11, 8.5, 8], "rotation": 270, "texture": "#1"},
				"down": {"uv": [9, 11, 11.5, 8], "rotation": 270, "texture": "#1"}
			}
		},
		{
			"name": "bone2",
			"from": [5, 10, 6],
			"to": [11, 15, 11],
			"faces": {
				"north": {"uv": [5.5, 6.5, 7, 7.75], "texture": "#0"},
				"east": {"uv": [4.25, 6.5, 5.5, 7.75], "texture": "#0"},
				"south": {"uv": [8.25, 6.5, 9.75, 7.75], "texture": "#0"},
				"west": {"uv": [7, 6.5, 8.25, 7.75], "texture": "#0"},
				"up": {"uv": [7, 6.5, 5.5, 5.25], "texture": "#0"},
				"down": {"uv": [8.5, 5.25, 7, 6.5], "texture": "#0"}
			}
		},
		{
			"name": "bone2",
			"from": [4, 9.9, 5.5],
			"to": [12, 15.9, 5.5],
			"faces": {
				"north": {"uv": [5.5, 3.25, 7.25, 4.5], "texture": "#0"},
				"east": {"uv": [4.25, 3.25, 5.5, 4.5], "texture": "#0"},
				"south": {"uv": [5.5, 3.25, 7.25, 4.5], "texture": "#0"},
				"west": {"uv": [7.25, 3.25, 8.5, 4.5], "texture": "#0"},
				"up": {"uv": [7.25, 3.25, 5.5, 2], "texture": "#0"},
				"down": {"uv": [9, 2, 7.25, 3.25], "texture": "#0"}
			}
		},
		{
			"name": "bone2",
			"from": [7.5, 9.8, 5],
			"to": [8.5, 11.8, 6],
			"faces": {
				"north": {"uv": [4.5, 0.25, 4.75, 0.75], "texture": "#0"},
				"east": {"uv": [4.25, 0.25, 4.5, 0.75], "texture": "#0"},
				"south": {"uv": [5, 0.25, 5.25, 0.75], "texture": "#0"},
				"west": {"uv": [4.75, 0.25, 5, 0.75], "texture": "#0"},
				"up": {"uv": [4.75, 0.25, 4.5, 0], "texture": "#0"},
				"down": {"uv": [5, 0, 4.75, 0.25], "texture": "#0"}
			}
		},
		{
			"name": "bone",
			"from": [5, 2.7, 9.9],
			"to": [11, 10.7, 14.9],
			"rotation": {"angle": -22.5, "axis": "x", "origin": [8, 1, 10]},
			"faces": {
				"north": {"uv": [1.25, 4.5, 2.75, 6.5], "texture": "#0"},
				"east": {"uv": [0, 4.5, 1.25, 6.5], "texture": "#0"},
				"south": {"uv": [4, 4.5, 5.5, 6.5], "texture": "#0"},
				"west": {"uv": [2.75, 4.5, 4, 6.5], "texture": "#0"},
				"up": {"uv": [2.75, 4.5, 1.25, 3.25], "texture": "#0"},
				"down": {"uv": [4.25, 3.25, 2.75, 4.5], "texture": "#0"}
			}
		},
		{
			"name": "bone3",
			"from": [4.5, 11.2, 9.4],
			"to": [11.5, 11.2, 15.4],
			"rotation": {"angle": -22.5, "axis": "x", "origin": [8, 1, 10]},
			"faces": {
				"north": {"uv": [1.25, 1.25, 2.75, 3.25], "texture": "#0"},
				"east": {"uv": [0, 1.25, 1.25, 3.25], "texture": "#0"},
				"south": {"uv": [4, 1.25, 5.5, 3.25], "texture": "#0"},
				"west": {"uv": [2.75, 1.25, 4, 3.25], "texture": "#0"},
				"up": {"uv": [2.75, 1.25, 1.25, 0], "texture": "#0"},
				"down": {"uv": [2.75, 0, 1.25, 1.25], "texture": "#0"}
			}
		},
		{
			"name": "bone4",
			"from": [4.5, 2.2, 15.4],
			"to": [11.5, 11.2, 15.4],
			"rotation": {"angle": -22.5, "axis": "x", "origin": [8, 1, 10]},
			"faces": {
				"north": {"uv": [4, 1.25, 5.5, 3.25], "texture": "#0"},
				"east": {"uv": [0, 1.25, 1.25, 3.25], "texture": "#0"},
				"south": {"uv": [4, 1.25, 5.5, 3.25], "texture": "#0"},
				"west": {"uv": [2.75, 1.25, 4, 3.25], "texture": "#0"},
				"up": {"uv": [2.75, 1.25, 1.25, 0], "texture": "#0"},
				"down": {"uv": [4.25, 0, 2.75, 1.25], "texture": "#0"}
			}
		},
		{
			"name": "bone4",
			"from": [11.5, 2.2, 9.4],
			"to": [11.5, 11.2, 15.4],
			"rotation": {"angle": -22.5, "axis": "x", "origin": [8, 1, 10]},
			"faces": {
				"north": {"uv": [1.25, 1.25, 2.75, 3.25], "texture": "#0"},
				"east": {"uv": [0, 1.25, 1.25, 3.25], "texture": "#0"},
				"south": {"uv": [4, 1.25, 5.5, 3.25], "texture": "#0"},
				"west": {"uv": [2.75, 1.25, 4, 3.25], "texture": "#0"},
				"up": {"uv": [2.75, 1.25, 1.25, 0], "texture": "#0"},
				"down": {"uv": [4.25, 0, 2.75, 1.25], "texture": "#0"}
			}
		},
		{
			"name": "bone4",
			"from": [4.5, 2.2, 9.4],
			"to": [4.5, 11.2, 15.4],
			"rotation": {"angle": -22.5, "axis": "x", "origin": [8, 1, 10]},
			"faces": {
				"north": {"uv": [1.25, 1.25, 2.75, 3.25], "texture": "#0"},
				"east": {"uv": [0, 1.25, 1.25, 3.25], "texture": "#0"},
				"south": {"uv": [4, 1.25, 5.5, 3.25], "texture": "#0"},
				"west": {"uv": [2.75, 1.25, 4, 3.25], "texture": "#0"},
				"up": {"uv": [2.75, 1.25, 1.25, 0], "texture": "#0"},
				"down": {"uv": [4.25, 0, 2.75, 1.25], "texture": "#0"}
			}
		},
		{
			"name": "bone4",
			"from": [4.5, 2.2, 9.4],
			"to": [11.5, 11.2, 9.4],
			"rotation": {"angle": -22.5, "axis": "x", "origin": [8, 1, 10]},
			"faces": {
				"north": {"uv": [1.25, 1.25, 2.75, 3.25], "texture": "#0"},
				"east": {"uv": [0, 1.25, 1.25, 3.25], "texture": "#0"},
				"south": {"uv": [1.25, 1.25, 2.75, 3.25], "texture": "#0"},
				"west": {"uv": [2.75, 1.25, 4, 3.25], "texture": "#0"},
				"up": {"uv": [2.75, 1.25, 1.25, 0], "texture": "#0"},
				"down": {"uv": [4.25, 0, 2.75, 1.25], "texture": "#0"}
			}
		},
		{
			"name": "bone3",
			"from": [9, 2.88687, 11.18239],
			"to": [10, 3.88687, 13.18239],
			"rotation": {"angle": 45, "axis": "x", "origin": [8, 3, 12]},
			"faces": {
				"north": {"uv": [0.5, 0.5, 0.25, 0.25], "rotation": 180, "texture": "#0"},
				"east": {"uv": [0, 0.5, 0.25, 1], "rotation": 90, "texture": "#0"},
				"south": {"uv": [0.75, 0.25, 0.5, 0.5], "texture": "#0"},
				"west": {"uv": [0.5, 0.5, 0.75, 1], "rotation": 270, "texture": "#0"},
				"up": {"uv": [0.75, 0.5, 1, 1], "texture": "#0"},
				"down": {"uv": [0.25, 0.5, 0.5, 1], "rotation": 180, "texture": "#0"}
			}
		},
		{
			"name": "bone3",
			"from": [8.5, 1.88687, 13.18239],
			"to": [10.5, 2.88687, 13.18239],
			"rotation": {"angle": 45, "axis": "x", "origin": [8, 3, 12]},
			"faces": {
				"north": {"uv": [0.75, 0.25, 0.25, 0], "rotation": 180, "texture": "#0"},
				"east": {"uv": [0, 0.25, 0.25, 0.25], "rotation": 90, "texture": "#0"},
				"south": {"uv": [0.75, 0, 0.25, 0.25], "texture": "#0"},
				"west": {"uv": [0.75, 0.25, 1, 0.25], "rotation": 270, "texture": "#0"},
				"up": {"uv": [1, 0.25, 1.5, 0.25], "texture": "#0"},
				"down": {"uv": [0.25, 0.25, 0.75, 0.25], "rotation": 180, "texture": "#0"}
			}
		},
		{
			"name": "bone3",
			"from": [5.5, 1.88687, 13.18239],
			"to": [7.5, 2.88687, 13.18239],
			"rotation": {"angle": 45, "axis": "x", "origin": [8, 3, 12]},
			"faces": {
				"north": {"uv": [0.75, 0.25, 0.25, 0], "rotation": 180, "texture": "#0"},
				"east": {"uv": [0, 0.25, 0.25, 0.25], "rotation": 90, "texture": "#0"},
				"south": {"uv": [0.75, 0, 0.25, 0.25], "texture": "#0"},
				"west": {"uv": [0.75, 0.25, 1, 0.25], "rotation": 270, "texture": "#0"},
				"up": {"uv": [1, 0.25, 1.5, 0.25], "texture": "#0"},
				"down": {"uv": [0.25, 0.25, 0.75, 0.25], "rotation": 180, "texture": "#0"}
			}
		},
		{
			"name": "bone3",
			"from": [6, 2.88687, 11.18239],
			"to": [7, 3.88687, 13.18239],
			"rotation": {"angle": 45, "axis": "x", "origin": [8, 3, 12]},
			"faces": {
				"north": {"uv": [0.5, 0.5, 0.25, 0.25], "rotation": 180, "texture": "#0"},
				"east": {"uv": [0, 0.5, 0.25, 1], "rotation": 90, "texture": "#0"},
				"south": {"uv": [0.75, 0.25, 0.5, 0.5], "texture": "#0"},
				"west": {"uv": [0.5, 0.5, 0.75, 1], "rotation": 270, "texture": "#0"},
				"up": {"uv": [0.75, 0.5, 1, 1], "texture": "#0"},
				"down": {"uv": [0.25, 0.5, 0.5, 1], "rotation": 180, "texture": "#0"}
			}
		}
	],
	"gui_light": "front",
	"display": {
		"gui": {
			"rotation": [-159.75, 26.25, -180],
			"translation": [0, -0.25, 0]
		},
		"head": {
			"translation": [0, -37.25, -0.5],
			"scale": [2, 2, 2]
		},
		"fixed": {
			"rotation": [-90, 0, 0],
			"translation": [0, 0, -15.75],
			"scale": [2, 2, 2]
		}
	},
	"groups": [
		{
			"name": "bone4",
			"origin": [0, 0, 0],
			"color": 0,
			"nbt": "{}",
			"armAnimationEnabled": false,
			"children": [
				{
					"name": "bone",
					"origin": [0, 1.2, 0],
					"rotation": [-10, 0, 0],
					"color": 0,
					"nbt": "{}",
					"armAnimationEnabled": false,
					"children": [0, 1]
				},
				{
					"name": "bone",
					"origin": [0, 1.2, 0],
					"rotation": [-10, 0, 0],
					"color": 0,
					"nbt": "{}",
					"armAnimationEnabled": false,
					"children": [2, 3]
				},
				{
					"name": "bone",
					"origin": [0, 1.2, 0],
					"rotation": [-10, 0, 0],
					"color": 0,
					"nbt": "{}",
					"armAnimationEnabled": false,
					"children": [4, 5]
				},
				{
					"name": "bone",
					"origin": [0, 1.2, 0],
					"rotation": [-10, 0, 0],
					"color": 0,
					"nbt": "{}",
					"armAnimationEnabled": false,
					"children": [6, 7]
				},
				{
					"name": "bone2",
					"origin": [0, 9, 1],
					"color": 0,
					"nbt": "{}",
					"armAnimationEnabled": false,
					"children": [8, 9, 10]
				}
			]
		},
		{
			"name": "group",
			"origin": [0, 0, 0],
			"color": 0,
			"nbt": "{}",
			"armAnimationEnabled": false,
			"children": [
				11,
				12,
				13,
				14,
				15,
				16,
				{
					"name": "bone3",
					"origin": [0, 2.2, -1],
					"rotation": [10, 0, 0],
					"color": 0,
					"nbt": "{}",
					"armAnimationEnabled": false,
					"children": [17, 18, 19, 20]
				}
			]
		}
	]
}